0,1,2,3,4,5,6,7,8,9,10,11,12,13,14,15,16,17,18,19,20,21,22,23,24,25,26,27,28,29,30,31,32,33,34,35,36,37,38,39,40,41,42,43,44,45,46,47,48,49,50,51,52,53,54,55,56,57,58,59,60,61,62,63,64,65,66,67,68,69,70,71,72,73,74,75,76,77,78,79,80,81,82,label
0.25645390152931213,0.5789393186569214,-3.1541813427793386e-07,0.3223707377910614,0.5628339648246765,-0.010399330407381058,0.3738466203212738,0.5187931060791016,-0.01680777780711651,0.40237343311309814,0.47526535391807556,-0.026731295511126518,0.42726191878318787,0.4384680390357971,-0.03265360742807388,0.3632717728614807,0.4165344834327698,-0.0008431818569079041,0.40336233377456665,0.3578166365623474,-0.025935061275959015,0.39470401406288147,0.41725605726242065,-0.03540319576859474,0.37466710805892944,0.44909313321113586,-0.035966068506240845,0.33355414867401123,0.4024127721786499,-0.00701767997816205,0.37388214468955994,0.3543940782546997,-0.03201423957943916,0.3601800203323364,0.4287250339984894,-0.03579635173082352,0.3383916914463043,0.45674991607666016,-0.03195462375879288,0.29857879877090454,0.39228856563568115,-0.017204919829964638,0.3385002911090851,0.3555639684200287,-0.045905474573373795,0.3262602388858795,0.4309830367565155,-0.03641515597701073,0.3048672676086426,0.4626888334751129,-0.02149949036538601,0.2560974061489105,0.38508424162864685,-0.027972666546702385,0.2942136228084564,0.3488999307155609,-0.04554968699812889,0.29666826128959656,0.4025740623474121,-0.03331252560019493,0.28279975056648254,0.43496131896972656,-0.018546266481280327,0.06864802428013968,0.13297032791108673,0.18098438042835333,0.22354819756751065,0.19438646702883708,0.26673945910600955,0.21565698358229918,0.17924265526941383,0.192757135086324,0.25541113644318564,0.186023641650955,0.15054942491066572,0.19211717514053323,0.24235395761901274,0.16760079564805072,0.12775070975751826,0.19586314203099675,0.23752612868239745,0.18393368835333637,0.14753887777888192,C
0.2569199800491333,0.5785520672798157,-3.073714083257073e-07,0.3218238651752472,0.5633184313774109,-0.011336910538375378,0.3729907274246216,0.5207904577255249,-0.018338244408369064,0.40142354369163513,0.4772256016731262,-0.028769997879862785,0.42571017146110535,0.43895572423934937,-0.035217639058828354,0.3628903031349182,0.4172932207584381,-0.0016884452197700739,0.4029921293258667,0.35709142684936523,-0.02757459692656994,0.39462366700172424,0.41608747839927673,-0.037935223430395126,0.3746642768383026,0.44960176944732666,-0.03885674476623535,0.33332720398902893,0.40335044264793396,-0.007435969542711973,0.37337952852249146,0.35434848070144653,-0.03310730308294296,0.3595772683620453,0.4276258051395416,-0.037535980343818665,0.33770304918289185,0.4573114812374115,-0.03397887200117111,0.29838335514068604,0.3932870626449585,-0.017310647293925285,0.3380346894264221,0.3559562563896179,-0.04642597213387489,0.3255249261856079,0.43042343854904175,-0.03743379935622215,0.3041105270385742,0.46366503834724426,-0.02266492135822773,0.25599414110183716,0.3861931264400482,-0.02788112312555313,0.2939743399620056,0.3498140275478363,-0.04590718820691109,0.29624974727630615,0.4024694561958313,-0.03420983999967575,0.2823602557182312,0.43554309010505676,-0.01968800462782383,0.06762467403718936,0.13093930605199605,0.17881842083431576,0.22185023813001298,0.19296884402852682,0.26672500726152665,0.21632407609154852,0.17889024977477594,0.19128241481060904,0.2548060984950445,0.18634962353835544,0.14959855218842924,0.19063572929692255,0.2414204495312351,0.16748132912723485,0.1262523737174381,0.19437118918674665,0.23622353421500217,0.18363607662695747,0.14658233386718428,C
0.25745898485183716,0.5785756707191467,-3.0768347869525314e-07,0.32280129194259644,0.5627055168151855,-0.01126087550073862,0.373432457447052,0.5198338031768799,-0.01823119819164276,0.40155845880508423,0.4768342673778534,-0.028602974489331245,0.4251745343208313,0.4388558268547058,-0.034998174756765366,0.362933486700058,0.4168735146522522,-0.0020633682142943144,0.4028474688529968,0.35744282603263855,-0.02741899900138378,0.3941780626773834,0.41718241572380066,-0.03735249489545822,0.37443453073501587,0.4496338367462158,-0.038243941962718964,0.3334167003631592,0.40307924151420593,-0.007823384366929531,0.3730466067790985,0.3550170958042145,-0.032795537263154984,0.3594672381877899,0.4286065101623535,-0.03681742399930954,0.33791881799697876,0.4571472704410553,-0.03336029127240181,0.2983691096305847,0.3931717276573181,-0.017656054347753525,0.33773159980773926,0.3561500608921051,-0.046259909868240356,0.3258727788925171,0.4305444657802582,-0.03714033588767052,0.3047683835029602,0.4630791246891022,-0.022599363699555397,0.2559199035167694,0.38623544573783875,-0.028174424543976784,0.2937141954898834,0.34944164752960205,-0.04599892348051071,0.29677239060401917,0.4022277593612671,-0.03422243893146515,0.2833396792411804,0.4356815814971924,-0.019793802872300148,0.06817829030157338,0.13127383104361257,0.17870110267109401,0.22107688934592376,0.19307178466976074,0.2660626447152801,0.21479077002743702,0.17824660009620047,0.19138905856443017,0.2538000430338391,0.1850727773622435,0.14943737701423176,0.19068294575698042,0.2409497777817657,0.16725150685631493,0.1268398544559984,0.19439884716243852,0.23650097999094816,0.18388932535434643,0.14656163730129496,C
0.2565724849700928,0.576996386051178,-3.201343190539774e-07,0.3217284083366394,0.5626347661018372,-0.010972520336508751,0.37306657433509827,0.5192482471466064,-0.017716828733682632,0.4021754264831543,0.47540509700775146,-0.027869464829564095,0.4277273416519165,0.43878626823425293,-0.03400534391403198,0.3619129955768585,0.4166044592857361,-0.0020399645436555147,0.4029347896575928,0.35741615295410156,-0.02754097431898117,0.39360538125038147,0.41710108518600464,-0.036904025822877884,0.37312400341033936,0.4492592513561249,-0.037357427179813385,0.33260565996170044,0.40292200446128845,-0.007986079901456833,0.3736146092414856,0.35440075397491455,-0.03371163830161095,0.35919448733329773,0.4290613532066345,-0.037355687469244,0.3369682729244232,0.4573785960674286,-0.033293552696704865,0.2977668046951294,0.39299118518829346,-0.017982054501771927,0.3386523425579071,0.3555479645729065,-0.047536756843328476,0.325691282749176,0.43105414509773254,-0.03798190504312515,0.30372583866119385,0.46258315443992615,-0.02283662185072899,0.2553166449069977,0.3858173191547394,-0.028560306876897812,0.2940753996372223,0.3499727249145508,-0.04691570624709129,0.2962985634803772,0.40376174449920654,-0.035002097487449646,0.28216832876205444,0.4360736310482025,-0.020394690334796906,0.06761611978362507,0.13122345476657327,0.17971559702153164,0.22260360121750675,0.19190193718600534,0.26532223923622034,0.21379056432704516,0.17690840985560238,0.19012287180732712,0.2537402751751637,0.1838789623107466,0.1479200383174881,0.1894154922203056,0.240907075885794,0.16588895892471017,0.1258384798387637,0.19330464452876783,0.23483454766817985,0.18114504344674584,0.1446730812311858,C
0.2568550109863281,0.5780385732650757,-3.2568422625445237e-07,0.3222748339176178,0.5638986229896545,-0.011348067782819271,0.37347397208213806,0.5194504857063293,-0.017970530316233635,0.4015931487083435,0.4743334949016571,-0.027819208800792694,0.4278927445411682,0.4379657506942749,-0.03354500234127045,0.3631981611251831,0.4174453914165497,-0.0026563983410596848,0.40321117639541626,0.35725536942481995,-0.027753107249736786,0.3938762843608856,0.41799089312553406,-0.03648460656404495,0.3737000524997711,0.45032915472984314,-0.03661471977829933,0.33347904682159424,0.40365391969680786,-0.00827866606414318,0.3732364773750305,0.35477879643440247,-0.033637259155511856,0.3589496612548828,0.43009045720100403,-0.03693636506795883,0.3370434045791626,0.45796242356300354,-0.032845064997673035,0.2981888949871063,0.3937229812145233,-0.017927084118127823,0.3383738100528717,0.3552728593349457,-0.04730753228068352,0.3257238268852234,0.43125206232070923,-0.03750801458954811,0.30403000116348267,0.46281930804252625,-0.02237759344279766,0.2550877630710602,0.3866206705570221,-0.0281645730137825,0.29364848136901855,0.3501652181148529,-0.04674868285655975,0.29617321491241455,0.4040333032608032,-0.03496178984642029,0.28219953179359436,0.4363635182380676,-0.02046814002096653,0.06788565884550916,0.13174017741514385,0.18021587623584406,0.2236057853780916,0.19262941197970568,0.26633731833117796,0.213825143578934,0.17692674519066218,0.1906561858090492,0.2540098757186783,0.18351085435396772,0.1480784828894531,0.1897421832579221,0.24188395916226424,0.16642121356832773,0.1264978295820826,0.1934868508968615,0.23551100685219267,0.18178575061208033,0.14537227168748165,C
0.25697824358940125,0.5790817737579346,-3.175966298840649e-07,0.3228573501110077,0.5639009475708008,-0.011204894632101059,0.37377339601516724,0.5201552510261536,-0.018010657280683517,0.4012950360774994,0.4752230942249298,-0.028150659054517746,0.4264461398124695,0.43823298811912537,-0.03430214896798134,0.36293506622314453,0.4179239273071289,-0.0026556176599115133,0.4028811454772949,0.3573017120361328,-0.027516411617398262,0.3943328857421875,0.4169304668903351,-0.03666840121150017,0.37447643280029297,0.4494223892688751,-0.03718959912657738,0.33330845832824707,0.404478520154953,-0.008404660038650036,0.3728189468383789,0.3547114431858063,-0.03347976878285408,0.35926392674446106,0.42911073565483093,-0.03724126145243645,0.33734777569770813,0.45844030380249023,-0.03358886018395424,0.2982982099056244,0.39475756883621216,-0.018101748079061508,0.337727814912796,0.35517463088035583,-0.046918757259845734,0.3260588049888611,0.4307266175746918,-0.03750936686992645,0.3047194480895996,0.4644220471382141,-0.02275681123137474,0.25557398796081543,0.38780251145362854,-0.02844817377626896,0.2934281826019287,0.3502731919288635,-0.04681137576699257,0.296588271856308,0.40346482396125793,-0.035308387130498886,0.28295525908470154,0.4372285306453705,-0.02106250636279583,0.06852778054448389,0.13205231935468612,0.18001778698947457,0.2230120263609756,0.19288792174142488,0.2668917158451987,0.21564761161621407,0.17888662083742862,0.19074388803499878,0.25471942882708143,0.18531206422543348,0.14880126396458818,0.1897641007195756,0.24260305414595115,0.16789373158878057,0.12626928968750467,0.19338823294804508,0.2363752109246584,0.18345824366705935,0.14574211371877688,C
0.25700291991233826,0.5786141753196716,-3.188849007074168e-07,0.3225277066230774,0.5637444257736206,-0.011455330066382885,0.37334489822387695,0.5209519267082214,-0.018394386395812035,0.4009733498096466,0.47598910331726074,-0.028645766898989677,0.42483583092689514,0.4370206594467163,-0.03492090851068497,0.362449049949646,0.41800397634506226,-0.0024960797745734453,0.4027657210826874,0.3573535084724426,-0.027986472472548485,0.3938275873661041,0.41688740253448486,-0.03759313374757767,0.37356460094451904,0.44998452067375183,-0.038210537284612656,0.33288291096687317,0.404348760843277,-0.008190411143004894,0.3727755844593048,0.35480251908302307,-0.03369208052754402,0.35864147543907166,0.429145872592926,-0.03756048157811165,0.33675411343574524,0.4585624635219574,-0.033798158168792725,0.29787224531173706,0.3943641185760498,-0.017979726195335388,0.33780890703201294,0.356315016746521,-0.04726629704236984,0.3252122104167938,0.431191623210907,-0.03806593269109726,0.3036888837814331,0.4638586640357971,-0.02328801155090332,0.25524428486824036,0.38727638125419617,-0.028424398973584175,0.2934274673461914,0.3504680097103119,-0.04688827320933342,0.2959860563278198,0.40364009141921997,-0.03534327819943428,0.2822456359863281,0.4368842840194702,-0.021012865006923676,0.06816028466943211,0.13114393829669443,0.17910877080769572,0.2223422077265076,0.19214773268744767,0.26643254623138407,0.21515054819508256,0.1777420443494733,0.19024532934151675,0.25422451126176027,0.1846129337590284,0.1480370234577457,0.18958281635175778,0.24120654250641327,0.16683796670969453,0.1260584119450823,0.19344552867396164,0.2357454152231693,0.18271491382670194,0.14548568279143181,C
0.2560315728187561,0.5791015625,-3.168040905165981e-07,0.3216090500354767,0.5649084448814392,-0.011579466052353382,0.37311145663261414,0.5209488868713379,-0.018586253747344017,0.4017868638038635,0.4762221574783325,-0.028789667412638664,0.4278225898742676,0.4398208558559418,-0.03490366041660309,0.36187058687210083,0.4179951250553131,-0.0027515143156051636,0.40249568223953247,0.3580549359321594,-0.02797684632241726,0.39408552646636963,0.4176318049430847,-0.03708060085773468,0.3739456236362457,0.449343204498291,-0.03747620806097984,0.3324480950832367,0.40436673164367676,-0.008455664850771427,0.3731699585914612,0.3550402522087097,-0.03374265506863594,0.35944539308547974,0.4296238422393799,-0.03731939196586609,0.33732083439826965,0.4569796323776245,-0.033436164259910583,0.29763782024383545,0.39437663555145264,-0.01819724030792713,0.3379327058792114,0.35635507106781006,-0.04750346392393112,0.32535427808761597,0.4321126639842987,-0.03789093717932701,0.30350232124328613,0.46325168013572693,-0.022864509373903275,0.25529325008392334,0.38704416155815125,-0.028562137857079506,0.29310542345046997,0.35000520944595337,-0.046921178698539734,0.2959250509738922,0.4039495587348938,-0.03496723622083664,0.28220033645629883,0.4365248680114746,-0.02037416584789753,0.06808764060501256,0.13204116755276546,0.18071414868855054,0.22389620849752762,0.19278161263370083,0.2666383930894674,0.21565324989140638,0.1792913753558363,0.19090112335964987,0.2550753174700444,0.18555516820450105,0.1504648323032522,0.19022488398195322,0.24203376629765172,0.1668744224411657,0.12726915770001157,0.19417097620103213,0.23677241533642593,0.18300928794939156,0.1463830991831083,C
0.2564346194267273,0.5794786810874939,-3.151542955492914e-07,0.3214983344078064,0.5640918612480164,-0.01163901761174202,0.3728013038635254,0.520356297492981,-0.018679233267903328,0.4005843997001648,0.47557106614112854,-0.028922395780682564,0.42439720034599304,0.4377270042896271,-0.03510500490665436,0.3631915748119354,0.41725125908851624,-0.002449618186801672,0.4033534526824951,0.3582456111907959,-0.027780745178461075,0.3939657211303711,0.4180663526058197,-0.0375128872692585,0.3734361529350281,0.450785368680954,-0.03826837241649628,0.3332887589931488,0.4032055735588074,-0.008079184219241142,0.37375110387802124,0.35477524995803833,-0.033119864761829376,0.35937464237213135,0.4292699694633484,-0.03692653402686119,0.33727940917015076,0.45809900760650635,-0.03315766900777817,0.2979739308357239,0.3932701349258423,-0.01777518168091774,0.33769240975379944,0.35715240240097046,-0.046708229929208755,0.32480883598327637,0.43217480182647705,-0.03760288655757904,0.30312615633010864,0.46404287219047546,-0.022944090887904167,0.25525012612342834,0.3865496516227722,-0.02811763435602188,0.29286834597587585,0.3502984642982483,-0.04618993028998375,0.2952600121498108,0.40356168150901794,-0.03445075452327728,0.2816582918167114,0.43630748987197876,-0.020014414563775063,0.06786383887465111,0.13185432670415084,0.18003454764150595,0.22256977716365076,0.1942183901099449,0.2670224093095576,0.2153507297140509,0.17808922400887817,0.19246827097390212,0.2556397740015559,0.1858032588842581,0.14956040678459842,0.1916118027053886,0.2412745987170151,0.1666955899572785,0.12661730702800036,0.19497075953505638,0.23661037328106885,0.18341492478397461,0.1467473605148637,C
0.2564792335033417,0.5806496143341064,-3.2081558742902416e-07,0.3215557038784027,0.5647644400596619,-0.011691906489431858,0.37358036637306213,0.51969975233078,-0.0184872355312109,0.40217190980911255,0.4747025966644287,-0.028465216979384422,0.4271681308746338,0.4378034770488739,-0.034303758293390274,0.36232733726501465,0.41661882400512695,-0.0023924033157527447,0.40260446071624756,0.3588082194328308,-0.027536259964108467,0.3928411900997162,0.4195338487625122,-0.03687771409749985,0.3725457787513733,0.45169496536254883,-0.03744702413678169,0.3324800431728363,0.4028746783733368,-0.007978507317602634,0.3730297088623047,0.35486355423927307,-0.03317398577928543,0.3585139513015747,0.42965954542160034,-0.03671688959002495,0.3364156186580658,0.45823705196380615,-0.032693635672330856,0.2973097860813141,0.39333298802375793,-0.017630839720368385,0.33690115809440613,0.35683634877204895,-0.04680173471570015,0.3244050443172455,0.43237292766571045,-0.03747869282960892,0.3030324876308441,0.46477821469306946,-0.022543786093592644,0.25479936599731445,0.3869912028312683,-0.027928683906793594,0.29268163442611694,0.3506011962890625,-0.046210259199142456,0.29546213150024414,0.4038243889808655,-0.03447800502181053,0.282001256942749,0.43687704205513,-0.01994042471051216,0.06799984510110679,0.13330163919959573,0.18237701827766808,0.22520311819762293,0.19523228038564502,0.26706631098766115,0.2142727590193893,0.1774908448535207,0.19350375289935706,0.2562495859248784,0.18589564537378597,0.1498115947915555,0.19252399256447272,0.2423848925563072,0.16734551070436673,0.12689205866157802,0.19566909762554394,0.23741997995748507,0.18432454357921357,0.1473754863045261,C
0.25422367453575134,0.5795446634292603,-3.070117031711561e-07,0.32033783197402954,0.5640655755996704,-0.010653994046151638,0.3718639016151428,0.520349383354187,-0.01681155525147915,0.4002455472946167,0.47560063004493713,-0.026551591232419014,0.4242634177207947,0.4379047751426697,-0.032561130821704865,0.3615753948688507,0.41670146584510803,0.0005758897168561816,0.4005361795425415,0.3576340079307556,-0.024324683472514153,0.39340728521347046,0.4155358076095581,-0.03443572297692299,0.37408286333084106,0.44810914993286133,-0.035474713891744614,0.3320569396018982,0.40301141142845154,-0.005322248674929142,0.37162405252456665,0.35382312536239624,-0.030231378972530365,0.3586823046207428,0.4275208115577698,-0.03471866995096207,0.33716532588005066,0.45730310678482056,-0.03126450628042221,0.2968963086605072,0.39333829283714294,-0.01535269245505333,0.3365652561187744,0.3564143478870392,-0.044532690197229385,0.3242507874965668,0.431526780128479,-0.03617936745285988,0.30261045694351196,0.4644215404987335,-0.021767813712358475,0.25389641523361206,0.38671717047691345,-0.02596195973455906,0.2913556396961212,0.3502553701400757,-0.044410139322280884,0.2941192090511322,0.4035021662712097,-0.03324766829609871,0.280657559633255,0.4367183446884155,-0.01907685399055481,0.06873270707048841,0.13276265392736214,0.18119525406030032,0.223686341700738,0.19504520209576348,0.26691452458670223,0.21784577145602907,0.1813834416096733,0.19300344368923805,0.2562166645850503,0.1876918263064752,0.15099591337016124,0.19164932009019858,0.24197191350185113,0.16769619775318512,0.1267613446324084,0.19456761433763936,0.23648381775415048,0.1835429146338406,0.14649922269775267,C
0.25557181239128113,0.580306887626648,-2.9864253292544163e-07,0.32081338763237,0.5629854202270508,-0.010686460882425308,0.37164047360420227,0.5195748209953308,-0.01745399460196495,0.4002254009246826,0.4762672781944275,-0.02774089388549328,0.424735426902771,0.4377359449863434,-0.0342443473637104,0.36079639196395874,0.41666126251220703,-0.001230678055435419,0.39991986751556396,0.35681548714637756,-0.025903664529323578,0.3926413655281067,0.41452592611312866,-0.03598853200674057,0.3727809190750122,0.4490644931793213,-0.03698854520916939,0.3313223123550415,0.40310150384902954,-0.0071518635377287865,0.37022995948791504,0.3529132306575775,-0.03173307329416275,0.35749733448028564,0.42596864700317383,-0.036322273313999176,0.33580106496810913,0.4586414396762848,-0.03315766900777817,0.2961554229259491,0.3937787711620331,-0.017003072425723076,0.33544978499412537,0.3549630045890808,-0.045057568699121475,0.32406899333000183,0.4290168583393097,-0.03658270090818405,0.302813857793808,0.46473440527915955,-0.0224797073751688,0.2533714473247528,0.38803982734680176,-0.02753249555826187,0.29086899757385254,0.3504706025123596,-0.045524682849645615,0.2941264510154724,0.4022368788719177,-0.034557510167360306,0.2807575762271881,0.43660908937454224,-0.020694205537438393,0.0683424497382942,0.13215502084943614,0.18032870440069532,0.22386481865794663,0.19456005910474686,0.2673120862794284,0.21809755280184295,0.17980731679756592,0.1928497631965953,0.2566346331119238,0.18848976209837018,0.14946111669439993,0.19164775498864808,0.24329100623438965,0.17005531133675722,0.12686265544573722,0.19424079371256306,0.2369453076015349,0.18544430173430335,0.14734862641055047,C
0.25524550676345825,0.5811524987220764,-2.996773389440932e-07,0.32145676016807556,0.5629385709762573,-0.011914866976439953,0.3732116222381592,0.516829252243042,-0.01882902719080448,0.40243014693260193,0.4710195064544678,-0.029020672664046288,0.4280691146850586,0.4315966069698334,-0.03526447340846062,0.36116090416908264,0.4154150187969208,-0.0006736342329531908,0.3997615575790405,0.35639894008636475,-0.02563873678445816,0.39218249917030334,0.41566354036331177,-0.036034371703863144,0.3716700077056885,0.4510657489299774,-0.037158768624067307,0.3317042887210846,0.40155214071273804,-0.005999823100864887,0.3703485131263733,0.35135871171951294,-0.03129640594124794,0.3574882745742798,0.4256397485733032,-0.036143433302640915,0.33520615100860596,0.45942309498786926,-0.03266341611742973,0.29655760526657104,0.39222413301467896,-0.015462771989405155,0.3356359302997589,0.35296598076820374,-0.04402625560760498,0.32446184754371643,0.4280485212802887,-0.035415567457675934,0.3032262921333313,0.46457505226135254,-0.0208588857203722,0.25375744700431824,0.3864835798740387,-0.025715461000800133,0.29131728410720825,0.349647581577301,-0.04403899237513542,0.2942686676979065,0.4024151563644409,-0.03295868635177612,0.2807110846042633,0.43693751096725464,-0.018739787861704826,0.06969672987497456,0.13567610481425763,0.18610420827005783,0.23125424571623848,0.19669122257730898,0.2684331956372832,0.21779988423990043,0.1784880351888734,0.19529011295207907,0.25890796219128265,0.18958935923914283,0.1492602811774238,0.19400954848048182,0.24590646995927656,0.17171479531903255,0.12777925261844109,0.1963656584263203,0.23840114562954043,0.1858927107085379,0.14764019359680305,C
0.2543516457080841,0.5813827514648438,-3.00256914442798e-07,0.32123011350631714,0.5619387030601501,-0.011841998435556889,0.37359628081321716,0.5143994092941284,-0.01855364255607128,0.4031567871570587,0.46698346734046936,-0.02852439507842064,0.4291248917579651,0.42459720373153687,-0.03450514376163483,0.3597189784049988,0.4149945378303528,-0.00021317866048775613,0.3988165855407715,0.35519325733184814,-0.025181032717227936,0.39143726229667664,0.41489505767822266,-0.0357559397816658,0.3697824478149414,0.451712429523468,-0.03682360425591469,0.33068931102752686,0.4014696478843689,-0.005434537306427956,0.3692586123943329,0.3501474857330322,-0.030924975872039795,0.3567584455013275,0.4240265488624573,-0.03624564781785011,0.33346131443977356,0.4593799412250519,-0.032935820519924164,0.2958533465862274,0.3922887444496155,-0.014791267924010754,0.3351709544658661,0.3509966731071472,-0.043032366782426834,0.3247777223587036,0.4253156781196594,-0.03450069949030876,0.3032107949256897,0.46326208114624023,-0.01997637376189232,0.2531989812850952,0.3865894675254822,-0.024983428418636322,0.29124563932418823,0.34900403022766113,-0.04338860511779785,0.2945062816143036,0.40142181515693665,-0.03251199424266815,0.2804677486419678,0.436801016330719,-0.01832643710076809,0.07064719590441948,0.13802274319902913,0.18985202215200384,0.2373140951105318,0.1969450627798372,0.26956608722953324,0.21860714584771987,0.17746723129866895,0.1955139251273224,0.26005709887060746,0.1912115382531864,0.14908981819104694,0.19415897452701786,0.2479138247830897,0.17466264970563591,0.12937833176950747,0.19639223201516343,0.2392563099428609,0.1872307229794377,0.14806004274775508,C
0.2544337511062622,0.5817422866821289,-3.135103554541274e-07,0.3221147656440735,0.5605214238166809,-0.012028033845126629,0.3748554587364197,0.5100439190864563,-0.018265776336193085,0.4054703712463379,0.4590812623500824,-0.027669621631503105,0.4316489100456238,0.4140453636646271,-0.032834071666002274,0.3602396547794342,0.4142610430717468,5.0605889555299655e-05,0.3977995812892914,0.3528400659561157,-0.02447737194597721,0.3901892304420471,0.4149273931980133,-0.03427675738930702,0.36850589513778687,0.4536016583442688,-0.03475167974829674,0.3310989737510681,0.40167930722236633,-0.004876815248280764,0.36723417043685913,0.3481675982475281,-0.030031755566596985,0.3554842174053192,0.42317384481430054,-0.03475513309240341,0.3330443501472473,0.4601900279521942,-0.031037094071507454,0.29605525732040405,0.39333444833755493,-0.014018901623785496,0.3337012529373169,0.34996455907821655,-0.04182742163538933,0.32420557737350464,0.42467594146728516,-0.03285973146557808,0.30368950963020325,0.46380361914634705,-0.018082967028021812,0.2533113360404968,0.3882928490638733,-0.024045461788773537,0.29109442234039307,0.34929272532463074,-0.04199013486504555,0.2941347360610962,0.4008125364780426,-0.031060975044965744,0.2798179090023041,0.4356306791305542,-0.01692589558660984,0.07194241312378283,0.14133531305618344,0.19652831380090613,0.24618189661724646,0.19810315193394068,0.271199399532946,0.21778804710725627,0.17504322931828592,0.19576519916549143,0.2611186649599311,0.1912146568122549,0.14804681567508507,0.1934589986066892,0.2485030358644999,0.17497910128975613,0.1290838541651296,0.19494130882429803,0.2390396379013931,0.1878204126559854,0.14926296480378712,C
0.2561897039413452,0.5827051997184753,-2.9682269087061286e-07,0.3238450586795807,0.5582096576690674,-0.012376349419355392,0.3770509660243988,0.5052703619003296,-0.0185227133333683,0.4093264937400818,0.45398327708244324,-0.027761094272136688,0.4329739212989807,0.4042768180370331,-0.03281856328248978,0.3627293109893799,0.41063088178634644,0.001281545963138342,0.3987586498260498,0.35367923974990845,-0.023763997480273247,0.3906176686286926,0.4171883463859558,-0.03491347283124924,0.36983442306518555,0.4573433995246887,-0.03628269210457802,0.3328300714492798,0.3981037735939026,-0.003738861298188567,0.36839279532432556,0.3457667827606201,-0.028882179409265518,0.35643091797828674,0.4213549494743347,-0.034080348908901215,0.33480334281921387,0.46020039916038513,-0.030517414212226868,0.29641520977020264,0.39050549268722534,-0.013135620392858982,0.33332115411758423,0.34861862659454346,-0.04120614752173424,0.3241289556026459,0.424190878868103,-0.03234614431858063,0.3047407269477844,0.4646317660808563,-0.01741829887032509,0.2526741027832031,0.3871985077857971,-0.023466046899557114,0.2906663715839386,0.3500431478023529,-0.04177192971110344,0.2936755120754242,0.4030155539512634,-0.030582113191485405,0.280204176902771,0.43890413641929626,-0.015994925051927567,0.07300989852702304,0.14472967454404823,0.20196750142537345,0.2533108475956695,0.20239046885336423,0.27082006598319597,0.21606859162332243,0.17305234855370946,0.1999135046046535,0.26374895315078806,0.1929861502689909,0.14872398875488824,0.19680283389061953,0.24988738754692563,0.17546733508314213,0.12884845502092915,0.19694127923985927,0.23888311017676114,0.18608815679625007,0.14666720441114658,C
0.25822535157203674,0.5783115029335022,-2.630050630614278e-07,0.3238021731376648,0.5510918498039246,-0.01561681553721428,0.37734460830688477,0.49033936858177185,-0.021667905151844025,0.41065481305122375,0.43234798312187195,-0.030382996425032616,0.42905953526496887,0.3724285960197449,-0.03475194424390793,0.3604503273963928,0.40000373125076294,0.000700059870723635,0.3941677510738373,0.3443257212638855,-0.027052802965044975,0.3882329761981964,0.409800261259079,-0.03903304412961006,0.3687077760696411,0.4488960802555084,-0.04009212553501129,0.3305453360080719,0.391489177942276,-0.0030421027913689613,0.3661552667617798,0.3395581543445587,-0.03134999796748161,0.3561910390853882,0.4182400405406952,-0.0368814542889595,0.3356364369392395,0.45479515194892883,-0.03234909474849701,0.2942649722099304,0.38698118925094604,-0.011848500929772854,0.3317480683326721,0.34663909673690796,-0.04443129152059555,0.3223995864391327,0.42668962478637695,-0.035688407719135284,0.3026406168937683,0.46513471007347107,-0.019124621525406837,0.2505446672439575,0.3857659697532654,-0.021700069308280945,0.28905102610588074,0.3509630262851715,-0.0427384190261364,0.2920864224433899,0.40579235553741455,-0.03174556791782379,0.2783955931663513,0.4392431080341339,-0.016338840126991272,0.07269873283719727,0.14965954852151095,0.21322101287796208,0.2697772581709133,0.20553368963964133,0.2719586768686285,0.21638294533975894,0.17482012238559066,0.20035472056640258,0.2638841297568169,0.19125995731740297,0.14931581300531324,0.19505518176021153,0.2470866446567528,0.16846711853288004,0.123074950028415,0.19391662345710967,0.23337545291839212,0.17865383489539755,0.14147016013360858,C
0.25809505581855774,0.5770308971405029,-3.074569576710928e-07,0.32423004508018494,0.550589919090271,-0.015507001429796219,0.37871280312538147,0.48839402198791504,-0.021412871778011322,0.4123989939689636,0.4299985468387604,-0.029651755467057228,0.4311359226703644,0.37252312898635864,-0.033267244696617126,0.36310043931007385,0.40138325095176697,-0.0020147303584963083,0.39795592427253723,0.3438566327095032,-0.029342636466026306,0.39023062586784363,0.4114355742931366,-0.039777837693691254,0.37027376890182495,0.44813910126686096,-0.04013379290699959,0.33210864663124084,0.3912854492664337,-0.005825703032314777,0.3679353594779968,0.3383057713508606,-0.033226653933525085,0.357038289308548,0.41823458671569824,-0.03684721142053604,0.3361254930496216,0.45126205682754517,-0.03152117505669594,0.29468366503715515,0.38654160499572754,-0.014536892995238304,0.33111175894737244,0.34476155042648315,-0.04668065905570984,0.3228660523891449,0.4258664548397064,-0.03678196296095848,0.30411845445632935,0.46255728602409363,-0.01996547542512417,0.25042611360549927,0.3853321671485901,-0.02418137900531292,0.2881169617176056,0.3491228222846985,-0.045026201754808426,0.292105495929718,0.4049950838088989,-0.03335902467370033,0.27903231978416443,0.4387647211551666,-0.01773020438849926,0.07289320738488367,0.1512072568132611,0.21519160237582285,0.2699504731418735,0.20465161634707404,0.2734817587871549,0.2155547998373209,0.1755216663746083,0.20003329289029673,0.26487462711905657,0.19069275285046053,0.15132784087000478,0.19451531833118071,0.24791035392686225,0.16851961545907004,0.12498387414462414,0.1933699562403793,0.23424503532756352,0.17851004206925705,0.14096188736384233,C
0.25857648253440857,0.579627513885498,-2.849589861853019e-07,0.3228839635848999,0.5508498549461365,-0.016828330233693123,0.3758253753185272,0.48908111453056335,-0.0233199093490839,0.41067105531692505,0.42981818318367004,-0.031788114458322525,0.4270327389240265,0.3677838444709778,-0.03534964099526405,0.35921964049339294,0.39893296360969543,-0.0016258582472801208,0.39339885115623474,0.34228187799453735,-0.02877555601298809,0.38736188411712646,0.4116053581237793,-0.03955546393990517,0.3669999837875366,0.4494764506816864,-0.04020887613296509,0.32984378933906555,0.38999342918395996,-0.005140581633895636,0.3659283220767975,0.33382606506347656,-0.03247053921222687,0.35783371329307556,0.4145224988460541,-0.037034887820482254,0.3373073637485504,0.4492860436439514,-0.032329149544239044,0.29353225231170654,0.38576751947402954,-0.013691632077097893,0.3303501605987549,0.3428604304790497,-0.04577356204390526,0.32400768995285034,0.4238479733467102,-0.036892250180244446,0.3051178753376007,0.46017763018608093,-0.020766638219356537,0.25025472044944763,0.3858320415019989,-0.0232927855104208,0.28857049345970154,0.3498868942260742,-0.0444999523460865,0.2925272583961487,0.4050960838794708,-0.033534105867147446,0.2782192528247833,0.43760010600090027,-0.018461644649505615,0.0724347215143201,0.1499658567039188,0.2158380428457985,0.27295572454153216,0.206838604307434,0.2744777553491637,0.21536419542683907,0.17410251486197956,0.20264880396806026,0.270179731118768,0.19617141906547708,0.15566825625944075,0.1974615310885811,0.25160545610692403,0.17294370544370072,0.12986769185444005,0.1953675444450302,0.23592501649983028,0.18093753725046532,0.14456294413410745,C
0.25783392786979675,0.5774303078651428,-2.494236071015621e-07,0.32270798087120056,0.5497214794158936,-0.018774576485157013,0.3765409290790558,0.48855239152908325,-0.02614053152501583,0.41023075580596924,0.4274679720401764,-0.035050589591264725,0.428083598613739,0.3663586378097534,-0.03898988291621208,0.3589334487915039,0.39956939220428467,-0.002861500484868884,0.3915013372898102,0.3408863842487335,-0.031070267781615257,0.3885914385318756,0.40763235092163086,-0.04212991148233414,0.3689446747303009,0.4474315345287323,-0.04244062304496765,0.32961249351501465,0.3905361592769623,-0.005434318911284208,0.36489567160606384,0.3281175494194031,-0.034170299768447876,0.360062837600708,0.4076673984527588,-0.03931368514895439,0.3407614529132843,0.4460029602050781,-0.03426142409443855,0.29319149255752563,0.38662707805633545,-0.013260812498629093,0.3300458788871765,0.34077468514442444,-0.04721800237894058,0.3248315453529358,0.42219704389572144,-0.038929201662540436,0.3061523139476776,0.46066316962242126,-0.02232837677001953,0.24977239966392517,0.38722020387649536,-0.022200699895620346,0.2877667546272278,0.34966421127319336,-0.04479238763451576,0.29170989990234375,0.40449807047843933,-0.034504059702157974,0.2770529091358185,0.4374387562274933,-0.019485050812363625,0.0729992964587531,0.1505787186048409,0.21666107559263129,0.27396421629161644,0.2046064642379443,0.2734691027916502,0.21841195297400037,0.176200069381346,0.20027759328937092,0.27347149912969515,0.2020290613388557,0.1591350062450842,0.19450417069869255,0.2518927665281763,0.1734978683253435,0.1283268338164844,0.1916708947585586,0.23405064520297478,0.1795651779506798,0.14264172340510922,C
0.2592700123786926,0.5752922296524048,-2.0307770398630964e-07,0.3223525583744049,0.5486242771148682,-0.019253654405474663,0.3762914538383484,0.4862954020500183,-0.0267015490680933,0.4099515378475189,0.4256002902984619,-0.03535982593894005,0.43057528138160706,0.3683640956878662,-0.03903132304549217,0.3563441038131714,0.3984803259372711,-0.002971051959320903,0.38884931802749634,0.3407078683376312,-0.030988313257694244,0.38784095644950867,0.4041261672973633,-0.04193396493792534,0.3680163621902466,0.4449988901615143,-0.04212120175361633,0.3277127146720886,0.3887109160423279,-0.005553124938160181,0.3631269037723541,0.32058387994766235,-0.03440164029598236,0.36085936427116394,0.39734184741973877,-0.03989653289318085,0.34298771619796753,0.43776142597198486,-0.034677136689424515,0.2921050190925598,0.3850933313369751,-0.013421599753201008,0.3292258381843567,0.34218668937683105,-0.04843894764780998,0.32457324862480164,0.4232599437236786,-0.04116708040237427,0.30593857169151306,0.46107637882232666,-0.024729426950216293,0.24978189170360565,0.3866533935070038,-0.022281257435679436,0.28820809721946716,0.3526512384414673,-0.045405466109514236,0.2917310893535614,0.40719348192214966,-0.03548785671591759,0.27645599842071533,0.43779584765434265,-0.02069871872663498,0.07114269245591072,0.1494236091194528,0.2153204629245579,0.2714556614626904,0.20172916116981363,0.26977932092436874,0.21814387212374456,0.1748608059071029,0.19881605827214419,0.2772112122226504,0.2087545259088521,0.1646993188160343,0.19347840312299433,0.24814979840178697,0.17050818284643565,0.12583620116051553,0.1901869614866895,0.22905907891334168,0.17484359887509215,0.14010368206746981,C
0.25683292746543884,0.5797736644744873,3.900280205471063e-07,0.312595009803772,0.5576711893081665,-0.017187582328915596,0.36882707476615906,0.4822216331958771,-0.021258912980556488,0.40581488609313965,0.4216471016407013,-0.027057697996497154,0.4377584457397461,0.3779989182949066,-0.03137999773025513,0.3444434404373169,0.4131408929824829,0.00590125797316432,0.36911219358444214,0.3611198663711548,-0.013899278827011585,0.3966498076915741,0.34959739446640015,-0.026637084782123566,0.414916068315506,0.35992592573165894,-0.031028928235173225,0.3157060146331787,0.400341659784317,0.0025964262895286083,0.34027913212776184,0.3079027533531189,-0.019782446324825287,0.3693920969963074,0.3081718385219574,-0.028578169643878937,0.38796862959861755,0.32791557908058167,-0.027693195268511772,0.2817344069480896,0.3971730172634125,-0.005791671108454466,0.324569970369339,0.3483353555202484,-0.04269910231232643,0.3310541808605194,0.41455498337745667,-0.043280333280563354,0.3242839276790619,0.4651631712913513,-0.030966922640800476,0.24540504813194275,0.40307343006134033,-0.014857565052807331,0.2874146103858948,0.3784468173980713,-0.043385978788137436,0.2951201796531677,0.43097108602523804,-0.03999476879835129,0.2885974943637848,0.47162413597106934,-0.029057355597615242,0.062396759763049175,0.15003681481759354,0.21893326379907593,0.27282195676763377,0.18835313313244406,0.24618959730158058,0.2706278447153329,0.2725548132820913,0.1888613886003824,0.28507616877016007,0.29538763105307486,0.28529984615982873,0.1843817453397623,0.24489843706950418,0.1862235969180417,0.1365436817704443,0.17769166580598522,0.2082069059446146,0.15876943585834913,0.11640301029868286,C
0.25693565607070923,0.5865597724914551,4.4590342440642416e-07,0.3140711784362793,0.5606347322463989,-0.017944103106856346,0.3679581582546234,0.4826815724372864,-0.02153085544705391,0.40330225229263306,0.41903311014175415,-0.02655065432190895,0.43879836797714233,0.37743449211120605,-0.02950108051300049,0.34285688400268555,0.4199281632900238,0.003564695827662945,0.37024563550949097,0.3625815212726593,-0.014375788159668446,0.39791274070739746,0.3424023985862732,-0.025190653279423714,0.4208892583847046,0.3411734104156494,-0.0291536133736372,0.3137948215007782,0.40503379702568054,0.0010110258590430021,0.33388981223106384,0.3080046772956848,-0.019323157146573067,0.36345374584198,0.2920386791229248,-0.02648351341485977,0.38853782415390015,0.2965986728668213,-0.025915805250406265,0.28046467900276184,0.4025266468524933,-0.006428847089409828,0.32256245613098145,0.34893548488616943,-0.04207800701260567,0.32744738459587097,0.4155947268009186,-0.04014056175947189,0.32168692350387573,0.4685119092464447,-0.02655286155641079,0.24665945768356323,0.408453106880188,-0.014934496022760868,0.28851431608200073,0.3830045759677887,-0.04330048710107803,0.29549092054367065,0.4339471757411957,-0.03974373638629913,0.2895539402961731,0.47409549355506897,-0.028818394988775253,0.06525781537008964,0.15355869684103285,0.22403866632971658,0.2787073176954259,0.18751334478356355,0.25142013556054726,0.283058215042374,0.29655557586540937,0.19022530256002124,0.2896347438494055,0.314309048531358,0.3194811763055715,0.18564251145944632,0.2500855356590561,0.18924125132688707,0.13723375236424407,0.1790269171906678,0.2104920440276962,0.16234750731476003,0.12059308476386332,C
0.2598024308681488,0.6004897356033325,6.222292086022208e-07,0.3127346634864807,0.5692647099494934,-0.030206797644495964,0.34778454899787903,0.48484867811203003,-0.03689064085483551,0.34737101197242737,0.40583813190460205,-0.04205195605754852,0.34295955300331116,0.3404638171195984,-0.04400563985109329,0.3471088409423828,0.4277573823928833,-0.010119162499904633,0.3914010524749756,0.35076218843460083,-0.02577684074640274,0.41868552565574646,0.30596715211868286,-0.03339409828186035,0.438141405582428,0.26811665296554565,-0.03626684099435806,0.3135012090206146,0.41069215536117554,-0.008407163433730602,0.33086907863616943,0.2948102355003357,-0.02959311008453369,0.3456578850746155,0.23307310044765472,-0.039792805910110474,0.35414499044418335,0.18214519321918488,-0.041557878255844116,0.2768118679523468,0.41482436656951904,-0.011141040362417698,0.30614152550697327,0.36094218492507935,-0.0507703498005867,0.315091997385025,0.4268503785133362,-0.05409293249249458,0.3100939989089966,0.469196617603302,-0.04190884530544281,0.24111434817314148,0.4299526810646057,-0.015362519770860672,0.2769124507904053,0.3956892490386963,-0.047234781086444855,0.28775832056999207,0.4428001046180725,-0.04502657800912857,0.28279462456703186,0.47607529163360596,-0.034018632024526596,0.06847854914110252,0.14991555149562266,0.21754521957438658,0.2765233016354898,0.19380734023414412,0.2834546218024799,0.3363072960103149,0.3789353307003164,0.19742687532501668,0.31522406983042933,0.3794069842915366,0.4308593548392859,0.1867754985368506,0.24921483167890804,0.19008859818169327,0.14670899126916237,0.1722444702673337,0.21087241499362644,0.16635804834931314,0.13101490182175257,C
0.26204702258110046,0.6298303604125977,5.156526299288089e-07,0.3110978901386261,0.5943844318389893,-0.024865305051207542,0.3428184986114502,0.5127196311950684,-0.033831775188446045,0.34145388007164,0.43714219331741333,-0.043408799916505814,0.3234946131706238,0.38169851899147034,-0.050753604620695114,0.34398531913757324,0.4334622323513031,-0.01320375595241785,0.3879435062408447,0.35492488741874695,-0.03296332433819771,0.41308173537254333,0.31045204401016235,-0.044362861663103104,0.4318392276763916,0.2717280387878418,-0.050385765731334686,0.3076533079147339,0.4191667437553406,-0.01634911820292473,0.311992347240448,0.3009863495826721,-0.043503668159246445,0.3164060711860657,0.2338409274816513,-0.05914067476987839,0.316294401884079,0.1771424263715744,-0.06462924927473068,0.27001887559890747,0.4316493570804596,-0.022417336702346802,0.289215087890625,0.37748977541923523,-0.06579335033893585,0.3039501905441284,0.4447341561317444,-0.07108797132968903,0.304449200630188,0.4938125014305115,-0.059966087341308594,0.23551897704601288,0.4576514661312103,-0.029487449675798416,0.2635934054851532,0.425414115190506,-0.06296126544475555,0.279889315366745,0.470363050699234,-0.060703493654727936,0.28115636110305786,0.5073323845863342,-0.04925268143415451,0.06542713886352254,0.14623124885447017,0.21288153380038707,0.2606169561655885,0.2131869577377878,0.3041538400658488,0.356064745099688,0.39950649934120663,0.21616290887258907,0.3354482567001613,0.40405472100051104,0.46048469062731817,0.19960415984262445,0.2621883052494353,0.2026574777943129,0.15457941693514646,0.1766885648113183,0.21389852381383875,0.17156091345366023,0.13340464131186822,C
0.2625737488269806,0.6452829837799072,5.339969106898934e-07,0.31024813652038574,0.6073353290557861,-0.026495331898331642,0.33983737230300903,0.5255005955696106,-0.03595593571662903,0.33759284019470215,0.4498685896396637,-0.04587306082248688,0.32031214237213135,0.39161550998687744,-0.05339725315570831,0.34148311614990234,0.43409523367881775,-0.012485494837164879,0.38247057795524597,0.35394486784935,-0.03228350728750229,0.40559008717536926,0.30679336190223694,-0.04404980316758156,0.42259764671325684,0.2663240134716034,-0.05004749074578285,0.304400235414505,0.42257893085479736,-0.01542790699750185,0.3041234612464905,0.3044077157974243,-0.04239337518811226,0.30636367201805115,0.23694899678230286,-0.0577562153339386,0.30542486906051636,0.18004685640335083,-0.06265278905630112,0.26655423641204834,0.43935009837150574,-0.021691374480724335,0.283821165561676,0.3873690068721771,-0.06564215570688248,0.2997182607650757,0.45556506514549255,-0.07034110277891159,0.3009548783302307,0.5033283233642578,-0.05829280987381935,0.23277868330478668,0.46966350078582764,-0.0291131678968668,0.25936317443847656,0.432071328163147,-0.062285397201776505,0.2749638557434082,0.47802281379699707,-0.058301184326410294,0.27505797147750854,0.5147742033004761,-0.04528646171092987,0.06644473380592984,0.14700461132994572,0.2142872749569868,0.26557905230365697,0.2257938328655355,0.31669450066370425,0.37009367646283076,0.41439395972008636,0.22712240523789054,0.3460051595861852,0.4147168243557357,0.4713876447375498,0.20711044509499466,0.2669832109212252,0.20571958896127368,0.1581845461962033,0.1804925382793964,0.22214647218452893,0.17756286090160964,0.13870583829694508,C
0.2588580548763275,0.6583894491195679,5.328566317075456e-07,0.30808448791503906,0.6138493418693542,-0.026276450604200363,0.33188262581825256,0.5316703915596008,-0.037474583834409714,0.3252573609352112,0.4543144404888153,-0.04937485232949257,0.2999905049800873,0.39873337745666504,-0.05855350196361542,0.3328712284564972,0.43258869647979736,-0.013883393257856369,0.3661525845527649,0.3428044021129608,-0.03235642611980438,0.3839549124240875,0.29077064990997314,-0.04279022291302681,0.39650285243988037,0.24487698078155518,-0.048528239130973816,0.29284051060676575,0.4243243634700775,-0.017688699066638947,0.28596264123916626,0.3040033280849457,-0.04521111026406288,0.280438631772995,0.2332768589258194,-0.06117742136120796,0.2724696397781372,0.17558151483535767,-0.06688673049211502,0.25363534688949585,0.4457797110080719,-0.024399464949965477,0.26705509424209595,0.3914896249771118,-0.06821668893098831,0.2858140766620636,0.4566383957862854,-0.07335113734006882,0.2903491258621216,0.5037586092948914,-0.06194401532411575,0.22032737731933594,0.48182713985443115,-0.0322837196290493,0.24153654277324677,0.440321147441864,-0.06555680930614471,0.2624828517436981,0.48538246750831604,-0.06246374174952507,0.26890093088150024,0.5229958891868591,-0.05031212419271469,0.07139707783499355,0.15097911074432005,0.22021218325746916,0.2693357180113316,0.23802666480973875,0.3348925361766862,0.39067103051028423,0.4385130482413635,0.23717963770865683,0.3582851853726854,0.430033926246187,0.4876091494728232,0.21406900128583906,0.2756016997953011,0.21635753315345319,0.16952731704959537,0.18357868918967102,0.22836721325440432,0.18397374932484006,0.14478825535613174,C
0.25754714012145996,0.6575743556022644,5.249272021501383e-07,0.30828332901000977,0.6158323287963867,-0.02725444920361042,0.33650609850883484,0.5350395441055298,-0.037783361971378326,0.32907387614250183,0.4605500400066376,-0.04914161190390587,0.3076826333999634,0.40414679050445557,-0.05791252478957176,0.3304942846298218,0.4307156205177307,-0.012754373252391815,0.3648722171783447,0.34274572134017944,-0.03211210295557976,0.38304629921913147,0.29085689783096313,-0.04340880364179611,0.3944665193557739,0.24629175662994385,-0.04949311167001724,0.2910233438014984,0.4236096739768982,-0.01595890335738659,0.28229719400405884,0.30338630080223083,-0.04255877435207367,0.2779794931411743,0.2342439591884613,-0.057010017335414886,0.2699719965457916,0.17815908789634705,-0.06161939725279808,0.2526017725467682,0.44619107246398926,-0.022730914875864983,0.2648746073246002,0.3876664936542511,-0.06639746576547623,0.28576231002807617,0.4553147256374359,-0.07033029943704605,0.29082590341567993,0.5049906969070435,-0.058048248291015625,0.21948105096817017,0.48285409808158875,-0.030928492546081543,0.2415151298046112,0.4429475665092468,-0.06472036987543106,0.2628415822982788,0.487546443939209,-0.061608076095581055,0.2684272527694702,0.5259746313095093,-0.04928026720881462,0.07112939813936625,0.15058857608505435,0.21528958292048483,0.26475086357778044,0.23863960066101825,0.33416606947165345,0.39002064378091583,0.43629108710923054,0.23688569355716127,0.3575933965908292,0.4276403950831441,0.48351875948733464,0.212659510500437,0.27805150401496825,0.21598953350133265,0.16661005089535408,0.18147396411987068,0.22474536296714046,0.18092302667833063,0.14094488553585707,C
0.2579590976238251,0.6593215465545654,5.545788326344336e-07,0.30954065918922424,0.6172982454299927,-0.028334995731711388,0.3368459939956665,0.5372526049613953,-0.03964456170797348,0.33058831095695496,0.4610248804092407,-0.05162155255675316,0.30944472551345825,0.4030597507953644,-0.060942232608795166,0.33056098222732544,0.4320600926876068,-0.014489403925836086,0.3667653203010559,0.3410569727420807,-0.03367400914430618,0.38560646772384644,0.2871113419532776,-0.044702135026454926,0.3969651758670807,0.24051298201084137,-0.05076127499341965,0.2916110157966614,0.42472851276397705,-0.01720879040658474,0.2849832773208618,0.30314815044403076,-0.044173359870910645,0.28135067224502563,0.23255375027656555,-0.05924330651760101,0.27339252829551697,0.17516961693763733,-0.0645269975066185,0.253934383392334,0.44784781336784363,-0.023339703679084778,0.26731517910957336,0.3876003921031952,-0.06676173955202103,0.2883853316307068,0.45398569107055664,-0.07079248875379562,0.2939903140068054,0.503947377204895,-0.05870620906352997,0.22134169936180115,0.4851074516773224,-0.03098854050040245,0.24377481639385223,0.4414176642894745,-0.06502751260995865,0.26753953099250793,0.48378169536590576,-0.06226363033056259,0.2758964002132416,0.5232183933258057,-0.050123218446969986,0.07231541151326565,0.15065093483365052,0.21739690057325461,0.26839318388348976,0.23901623576479228,0.3380312253021508,0.39602098171780126,0.44418472155767263,0.23761840133838652,0.35991822557773145,0.4314947888223601,0.4886768735189271,0.21279592526202248,0.27995915051087,0.21931763323428113,0.1699584218345694,0.18069783818077786,0.22784193043098877,0.18650161602865514,0.14614447565795202,C
0.2580639123916626,0.6592978239059448,5.439670758278226e-07,0.3086051046848297,0.6191055774688721,-0.02881573513150215,0.3366076946258545,0.538468599319458,-0.04059033840894699,0.3315083384513855,0.4616362452507019,-0.05287940800189972,0.30992668867111206,0.4032801389694214,-0.06255721300840378,0.33010557293891907,0.4333499073982239,-0.0163156446069479,0.36510902643203735,0.3421723544597626,-0.036140285432338715,0.3834563195705414,0.2887740731239319,-0.04741915687918663,0.394563227891922,0.24216632544994354,-0.053609490394592285,0.29128608107566833,0.4259486794471741,-0.018890224397182465,0.28419044613838196,0.30360159277915955,-0.046066638082265854,0.28038832545280457,0.23337392508983612,-0.06091570481657982,0.2720346450805664,0.17662155628204346,-0.06611145287752151,0.25330260396003723,0.4485262930393219,-0.024853607639670372,0.26704707741737366,0.3882526755332947,-0.06835386157035828,0.28836938738822937,0.45391854643821716,-0.07227189093828201,0.2933991849422455,0.5030711889266968,-0.06031082198023796,0.22072583436965942,0.484793484210968,-0.03236932307481766,0.24433378875255585,0.4436335265636444,-0.06619524955749512,0.2668616473674774,0.48709025979042053,-0.0632999837398529,0.27294275164604187,0.5260712504386902,-0.05127676576375961,0.07071213992774102,0.14972123087220446,0.21739473939349602,0.268604310318119,0.2377155439557314,0.3366502329734169,0.3940301177575567,0.4421592314092827,0.2364580234229764,0.35961728248985075,0.4308367862278145,0.4873831724895566,0.21228527300293812,0.27967569516603885,0.21982350710304527,0.17115140614553534,0.18136621773380762,0.2260121424252267,0.1836839734089034,0.14352721772756374,C
0.2582838833332062,0.6604029536247253,5.469257189361088e-07,0.30882564187049866,0.6187640428543091,-0.02860395982861519,0.3365855813026428,0.5375626683235168,-0.04018954932689667,0.3317248821258545,0.4612720012664795,-0.05225179344415665,0.3093303442001343,0.4037989377975464,-0.061668168753385544,0.3299497961997986,0.4328269362449646,-0.01643526740372181,0.3647463321685791,0.34075042605400085,-0.035637017339468,0.38274896144866943,0.2869511544704437,-0.04649662971496582,0.39349570870399475,0.23980161547660828,-0.05256462097167969,0.2910681366920471,0.42575281858444214,-0.019049683585762978,0.28347861766815186,0.30336809158325195,-0.046057529747486115,0.2798120975494385,0.2329104095697403,-0.0608954131603241,0.2717835009098053,0.17596888542175293,-0.06617635488510132,0.25324779748916626,0.44896987080574036,-0.024912415072321892,0.26719439029693604,0.38861560821533203,-0.0679858848452568,0.2883814871311188,0.45485353469848633,-0.07156603038311005,0.29335686564445496,0.5037757158279419,-0.05949288606643677,0.22097338736057281,0.4856935441493988,-0.03232044726610184,0.24445891380310059,0.44338077306747437,-0.06589538604021072,0.2672799825668335,0.48712825775146484,-0.06277923285961151,0.2737016975879669,0.5259480476379395,-0.05066701024770737,0.07145968130944477,0.15111629771329657,0.2185795588907917,0.26880177194204685,0.2391589068926914,0.3387949636301173,0.3963833868837256,0.4449166441572725,0.23769393013970805,0.3608739582984858,0.43234437337005355,0.48911960545829225,0.21295531537504325,0.280303252146644,0.21972301737185213,0.17117731823243243,0.18154916010405808,0.22722682636031927,0.18451653254190198,0.14450962628915817,C
0.25748977065086365,0.6591898202896118,5.322372658156382e-07,0.30800342559814453,0.6172808408737183,-0.028318064287304878,0.3352876305580139,0.5363295674324036,-0.040273383259773254,0.32887566089630127,0.46037793159484863,-0.052784789353609085,0.3051172196865082,0.40523162484169006,-0.06272782385349274,0.3291257917881012,0.42921608686447144,-0.01700638234615326,0.36211520433425903,0.3367109000682831,-0.03663474693894386,0.3789055347442627,0.28246814012527466,-0.04796329140663147,0.38910743594169617,0.2351028025150299,-0.054428569972515106,0.2891749441623688,0.4234885573387146,-0.019971059635281563,0.2795467972755432,0.30271023511886597,-0.04691352695226669,0.2752649486064911,0.23278281092643738,-0.06177526339888573,0.26704826951026917,0.17610737681388855,-0.06730938702821732,0.25093746185302734,0.44739556312561035,-0.02618558704853058,0.2629965543746948,0.3871672451496124,-0.06905637681484222,0.2858753502368927,0.45236241817474365,-0.0729835107922554,0.29203325510025024,0.502238929271698,-0.06142483279109001,0.21860983967781067,0.48528730869293213,-0.03399161621928215,0.24067285656929016,0.44353100657463074,-0.06752189993858337,0.263527512550354,0.48611801862716675,-0.06488928198814392,0.26991772651672363,0.5254638195037842,-0.053263209760189056,0.07148380796331552,0.1508944565175685,0.21773470689801536,0.26589092800367736,0.24147230220776872,0.3410004091505925,0.39869981245890745,0.44736510327573714,0.23865854281593563,0.36022928256413,0.4312251656755205,0.48784284080679763,0.2135075009489909,0.28070529517736,0.22115602169272977,0.1720462437197884,0.18140892681672166,0.22660717415634063,0.1849350990162164,0.14447879977611378,C
0.25671112537384033,0.6584976315498352,5.525515121007629e-07,0.3067440986633301,0.6163749694824219,-0.029241960495710373,0.3345152735710144,0.5353416800498962,-0.0416654571890831,0.32806798815727234,0.4595525562763214,-0.05449754744768143,0.3037705421447754,0.40347975492477417,-0.06466817855834961,0.327886164188385,0.42805927991867065,-0.017199954017996788,0.3610280454158783,0.33528363704681396,-0.03662887588143349,0.3779193162918091,0.2806946039199829,-0.047826413065195084,0.3881237506866455,0.2332051545381546,-0.05423464626073837,0.28840264678001404,0.42307358980178833,-0.019867150112986565,0.2792288661003113,0.30203890800476074,-0.04693888500332832,0.27524322271347046,0.23151540756225586,-0.062002163380384445,0.2669847309589386,0.17446091771125793,-0.06765429675579071,0.2504608929157257,0.447661429643631,-0.025875745341181755,0.2626458406448364,0.387430876493454,-0.06907225400209427,0.28545135259628296,0.4525901675224304,-0.07298247516155243,0.2912045121192932,0.5013906955718994,-0.061314936727285385,0.2181910127401352,0.4856005012989044,-0.033526334911584854,0.24059021472930908,0.4426879584789276,-0.06738907843828201,0.2637482285499573,0.4858083426952362,-0.06468881666660309,0.269905686378479,0.5246615409851074,-0.05298196151852608,0.07164315490784359,0.151515445530304,0.21826815559169346,0.267265319277558,0.24179242643016738,0.34160067487781737,0.3996423049077655,0.44842438145638214,0.23837692331932847,0.3602404489181818,0.4318583043269127,0.48884994216033284,0.2125101226592409,0.279791813939107,0.22034156833689048,0.17213939783514096,0.18028108305999224,0.22666067395100015,0.1845422060019227,0.14454529523625784,C
0.2568325400352478,0.6559358239173889,5.522712172023603e-07,0.3065435290336609,0.6142650842666626,-0.02807978354394436,0.33335474133491516,0.5339393615722656,-0.040077321231365204,0.3274275064468384,0.45966389775276184,-0.05268189683556557,0.30452707409858704,0.4038486182689667,-0.06265804171562195,0.32658904790878296,0.42661839723587036,-0.017084237188100815,0.3601894974708557,0.3331495225429535,-0.03622765094041824,0.37738367915153503,0.27880120277404785,-0.04706648737192154,0.3876098692417145,0.2314864993095398,-0.05313728749752045,0.28737643361091614,0.42154553532600403,-0.020129680633544922,0.27797675132751465,0.29926973581314087,-0.046766456216573715,0.27416422963142395,0.22924509644508362,-0.061406537890434265,0.2658517360687256,0.17242780327796936,-0.066730797290802,0.24958659708499908,0.4457615613937378,-0.02633875608444214,0.2623479962348938,0.38526639342308044,-0.06894548237323761,0.2850537896156311,0.4506685137748718,-0.0725676640868187,0.29036518931388855,0.4993547201156616,-0.060781076550483704,0.21741162240505219,0.48344290256500244,-0.03408173471689224,0.24069026112556458,0.44086864590644836,-0.06747996062040329,0.26374754309654236,0.4843484163284302,-0.06440646946430206,0.26924359798431396,0.5233807563781738,-0.05242451652884483,0.07068336600453608,0.14948250754172174,0.2151319565450823,0.2641000326231644,0.24030052559537493,0.34086088029176576,0.3987209623633232,0.44730701873514556,0.23722766090301192,0.3603400188123106,0.43143504157314866,0.4881745844819331,0.2119421701343397,0.27936699260005265,0.21953872908079178,0.17127897430108183,0.1801927272389957,0.22598248570653381,0.18340752481639575,0.14308482843555495,C
0.2560924291610718,0.6556806564331055,5.402410465649155e-07,0.30546683073043823,0.6123549342155457,-0.026923581957817078,0.33250731229782104,0.52988600730896,-0.03794252499938011,0.32621264457702637,0.4563325047492981,-0.049859415739774704,0.30378881096839905,0.4019450545310974,-0.05920024961233139,0.32510241866111755,0.4230772852897644,-0.014843305572867393,0.3572680950164795,0.33125269412994385,-0.03407338634133339,0.3735800087451935,0.2768929600715637,-0.045442692935466766,0.3830256760120392,0.22907677292823792,-0.05194726213812828,0.2856404781341553,0.41815635561943054,-0.018662232905626297,0.27549758553504944,0.2967119812965393,-0.04519933462142944,0.2714634835720062,0.2262200117111206,-0.05988600105047226,0.26322054862976074,0.16828960180282593,-0.06516927480697632,0.2477160096168518,0.4427145719528198,-0.025785164907574654,0.26017919182777405,0.3815332055091858,-0.06883545219898224,0.2829497158527374,0.4481804072856903,-0.07264487445354462,0.2882479131221771,0.49814534187316895,-0.06075840815901756,0.21546617150306702,0.4811267852783203,-0.034410495311021805,0.23878909647464752,0.43969547748565674,-0.06821852922439575,0.261196494102478,0.4833451211452484,-0.06542827188968658,0.26639434695243835,0.5223976969718933,-0.053539905697107315,0.0709919579402171,0.15199738258571824,0.21712334144476403,0.26488003705328284,0.24307827273656227,0.3415421651249055,0.39918484153704265,0.44810880012513593,0.24008161065909453,0.36232319620855574,0.43388836410600784,0.4917803930761876,0.21468493224550386,0.2826869652679101,0.22148368680520653,0.17188077348252975,0.18249292072346707,0.22716259438065364,0.18440856178257312,0.14400366712058266,C
0.2557435631752014,0.6550501585006714,5.506962565959839e-07,0.3059428036212921,0.6119669675827026,-0.028440238907933235,0.3323187530040741,0.53034907579422,-0.04016721621155739,0.32660168409347534,0.45503106713294983,-0.052510615438222885,0.3044109046459198,0.39879515767097473,-0.062197111546993256,0.3236631751060486,0.42411863803863525,-0.01640765368938446,0.35607290267944336,0.3314318358898163,-0.035972245037555695,0.3727477192878723,0.2768535017967224,-0.047354016453027725,0.38257312774658203,0.22870540618896484,-0.05395280942320824,0.28457388281822205,0.4183405935764313,-0.019563421607017517,0.2756686508655548,0.2960364520549774,-0.04666690155863762,0.27185696363449097,0.22571957111358643,-0.061676640063524246,0.26399025321006775,0.16865438222885132,-0.06731684505939484,0.2470131665468216,0.44278305768966675,-0.02606230042874813,0.2607126832008362,0.3810907006263733,-0.06946559995412827,0.28269338607788086,0.44675472378730774,-0.0731697827577591,0.28796935081481934,0.49622929096221924,-0.06126990169286728,0.21501833200454712,0.48083460330963135,-0.03418957069516182,0.23862901329994202,0.437953382730484,-0.06847241520881653,0.26187261939048767,0.48098063468933105,-0.06589560955762863,0.268260657787323,0.5202882885932922,-0.05416720733046532,0.07200696906791984,0.15174837469920263,0.21859993774116354,0.2681486243943473,0.2412709472748546,0.3407181197525713,0.3987043249321218,0.44806980632628784,0.23926001435598274,0.36258199298269905,0.4340374071442682,0.49110130405337005,0.21403928172361772,0.282672996232025,0.22241218216340303,0.17325310297546825,0.18214985183959245,0.22828154749580848,0.18622585316277288,0.14577923462586734,C
0.2556929290294647,0.6547150015830994,5.645553642352752e-07,0.30547958612442017,0.6114625930786133,-0.028811940923333168,0.33289816975593567,0.5286599397659302,-0.04093616455793381,0.32639265060424805,0.4530484974384308,-0.053640469908714294,0.30158549547195435,0.39785245060920715,-0.06362372636795044,0.323273628950119,0.42208826541900635,-0.016687212511897087,0.3555441200733185,0.32879847288131714,-0.036820195615291595,0.3722306489944458,0.2741413712501526,-0.04839653521776199,0.3818618953227997,0.22603143751621246,-0.055046066641807556,0.2838057279586792,0.4165935516357422,-0.01990300975739956,0.2748745083808899,0.29430943727493286,-0.04785045236349106,0.27106979489326477,0.22398319840431213,-0.06328267604112625,0.26309454441070557,0.16702690720558167,-0.06900765746831894,0.24603800475597382,0.4413052499294281,-0.026491234079003334,0.2596744894981384,0.38167667388916016,-0.07035305351018906,0.28199315071105957,0.4475449025630951,-0.07416322827339172,0.2876257002353668,0.4964978098869324,-0.06225026398897171,0.2142086923122406,0.47927749156951904,-0.0347684808075428,0.23891256749629974,0.4400167763233185,-0.0692235678434372,0.2619515061378479,0.48420533537864685,-0.06684607267379761,0.2680720388889313,0.5229549407958984,-0.055241409689188004,0.0719697334863037,0.15338299643656145,0.22032973041117254,0.2685750326128404,0.24281851511688865,0.3428521728288167,0.40094838513939013,0.45024253215658655,0.2405998891502028,0.36407392599700344,0.4356272521477922,0.4926018635923908,0.21526438409196344,0.2819847740367951,0.22161096488036425,0.17299580133507997,0.18359778955974299,0.2262054132182741,0.1832517093110527,0.1434072233117823,C
0.25547701120376587,0.6542959809303284,5.521561092791671e-07,0.3051101565361023,0.6108852028846741,-0.028089456260204315,0.3323255181312561,0.5284348726272583,-0.039727553725242615,0.3266584873199463,0.4521254003047943,-0.05211430415511131,0.3025476336479187,0.39630037546157837,-0.061921097338199615,0.3234803378582001,0.4225137233734131,-0.015682341530919075,0.3552616834640503,0.33005598187446594,-0.0359252505004406,0.3716432452201843,0.27550119161605835,-0.04759260267019272,0.38114142417907715,0.2274770885705948,-0.05409138277173042,0.28401827812194824,0.41637659072875977,-0.019159549847245216,0.2748950123786926,0.29355332255363464,-0.04682302102446556,0.27056872844696045,0.22304856777191162,-0.061969559639692307,0.2622334957122803,0.16609710454940796,-0.06727364659309387,0.2460496425628662,0.4407981038093567,-0.026041481643915176,0.25975969433784485,0.3830479681491852,-0.07005217671394348,0.2816816568374634,0.4479243755340576,-0.07433458417654037,0.2871536910533905,0.49681949615478516,-0.06245998293161392,0.2137669324874878,0.4786686897277832,-0.0344998762011528,0.23812559247016907,0.4398106634616852,-0.06857439875602722,0.2613108456134796,0.4830726683139801,-0.06595449894666672,0.2678467035293579,0.5217772126197815,-0.05408334732055664,0.07167282148024073,0.15272535479474766,0.22058038095189494,0.26946552027033616,0.2420607785425977,0.3411439888116972,0.3990553780160341,0.44820960385500114,0.2403899949248307,0.3642866609522095,0.4359385117664633,0.4928586113682648,0.2152868001970733,0.2801806749843523,0.22091092200299958,0.17234724757593958,0.18377963880282355,0.22584850460938455,0.18357975153378295,0.1436638487072385,C
0.2540305554866791,0.6562809944152832,5.376362537390378e-07,0.30423808097839355,0.6120584011077881,-0.02806059829890728,0.33053910732269287,0.5296247601509094,-0.039384398609399796,0.32556968927383423,0.4520127475261688,-0.051382120698690414,0.3014043867588043,0.396065890789032,-0.06079778075218201,0.3226895034313202,0.4240701496601105,-0.01574314944446087,0.35438719391822815,0.33048146963119507,-0.0355328805744648,0.3708799481391907,0.27606895565986633,-0.04701310023665428,0.38053202629089355,0.22810417413711548,-0.05354144051671028,0.28369075059890747,0.4174942672252655,-0.018846716731786728,0.27436187863349915,0.2956852614879608,-0.04621210694313049,0.27018991112709045,0.22506563365459442,-0.06168414279818535,0.2621801495552063,0.16779682040214539,-0.06752294301986694,0.24592071771621704,0.44179555773735046,-0.025272028520703316,0.259335458278656,0.38486048579216003,-0.06851168721914291,0.2811710238456726,0.4486677944660187,-0.07308067381381989,0.28657129406929016,0.49687114357948303,-0.06178859993815422,0.21386149525642395,0.47968605160713196,-0.03330834582448006,0.23702333867549896,0.43973010778427124,-0.06688042730093002,0.2604100704193115,0.481283962726593,-0.06456232070922852,0.2676723003387451,0.5196145176887512,-0.053149230778217316,0.0725524687713165,0.15312260899406765,0.22244896477110043,0.2713901537703276,0.24265982617168283,0.3427526936970097,0.40053121866323527,0.44967183029814567,0.24135875217905195,0.3641129684937269,0.4359045903990725,0.49319633472350216,0.21612143488267072,0.2799842128576246,0.22176724123037017,0.17403533472597743,0.18414344664580604,0.22728087335996552,0.18663606829433296,0.14727091004663645,C
0.25341254472732544,0.6517053842544556,5.53014160686871e-07,0.30392318964004517,0.6067348718643188,-0.027034450322389603,0.33061739802360535,0.5236848592758179,-0.03849176689982414,0.32392099499702454,0.450359582901001,-0.050855714827775955,0.2997701168060303,0.39791053533554077,-0.0606137253344059,0.3209603726863861,0.4176549017429352,-0.015401119366288185,0.35225605964660645,0.32385316491127014,-0.03477175533771515,0.3682715594768524,0.268954873085022,-0.04597945138812065,0.37698888778686523,0.2204093486070633,-0.052329570055007935,0.2817847430706024,0.41297388076782227,-0.019193017855286598,0.272067666053772,0.2904117703437805,-0.046009570360183716,0.268105685710907,0.2202259600162506,-0.060793254524469376,0.25931012630462646,0.16238069534301758,-0.06612015515565872,0.24422340095043182,0.4372449219226837,-0.026214176788926125,0.25830528140068054,0.37724798917770386,-0.06902948021888733,0.28121575713157654,0.44371166825294495,-0.07251375168561935,0.2863152325153351,0.4929720461368561,-0.060388606041669846,0.2123558521270752,0.47507035732269287,-0.03477935865521431,0.23669031262397766,0.43442079424858093,-0.06786312907934189,0.26002076268196106,0.4782353341579437,-0.06467722356319427,0.2655676603317261,0.517339825630188,-0.052582524716854095,0.07283243535360866,0.15437455386386273,0.21931241018444494,0.26501875512220757,0.24408922331388794,0.3441892380623895,0.40224955919743227,0.4516921791547426,0.24117650291547715,0.36468893657096696,0.4359888404167477,0.49380702779083135,0.21625203426918002,0.283047603898402,0.22201965881922595,0.17299049114070345,0.18464892905778116,0.22824921784713142,0.18525318245043065,0.14479927570065318,C
0.25333333015441895,0.6489593982696533,5.422576805358403e-07,0.30393385887145996,0.6055665016174316,-0.0270793866366148,0.3303045630455017,0.521878182888031,-0.0381045937538147,0.32174330949783325,0.4478866457939148,-0.050085484981536865,0.29804813861846924,0.394152969121933,-0.05949545279145241,0.3208788335323334,0.4160826802253723,-0.015472504310309887,0.3510853946208954,0.3224911093711853,-0.03529524430632591,0.36661428213119507,0.26721781492233276,-0.046714674681425095,0.3749297261238098,0.2186778485774994,-0.053098954260349274,0.2810474634170532,0.4112303555011749,-0.01946479082107544,0.2708534002304077,0.28741177916526794,-0.046375274658203125,0.26637211441993713,0.21701419353485107,-0.06103082746267319,0.2573484778404236,0.16009879112243652,-0.0660632848739624,0.24321971833705902,0.43605685234069824,-0.026766736060380936,0.25583258271217346,0.375942587852478,-0.0702170804142952,0.2788962721824646,0.44192904233932495,-0.07406129688024521,0.2847472131252289,0.4918185770511627,-0.06192325800657272,0.211175799369812,0.4744598865509033,-0.035603344440460205,0.23527422547340393,0.4338042438030243,-0.0693274736404419,0.25918638706207275,0.477049320936203,-0.06639260053634644,0.2661888301372528,0.516610860824585,-0.05428873375058174,0.07194914547953002,0.15338255241747065,0.21821729350934496,0.2654533930050158,0.24296784973273028,0.34261173697484976,0.4009258310846928,0.45027486277683176,0.24012927799413172,0.3649306100207721,0.43643040439279146,0.4933206299016548,0.2148168205601685,0.2819129999971964,0.22135986153379222,0.17179821528669179,0.18301632096605835,0.22676914592556274,0.18437836742423216,0.1436270334343733,C
0.2519051134586334,0.6523070931434631,5.346893772184558e-07,0.3029105067253113,0.6079584360122681,-0.027565738186240196,0.32726186513900757,0.5236552357673645,-0.03815675899386406,0.32020244002342224,0.4477805495262146,-0.049571551382541656,0.2986031770706177,0.3918600082397461,-0.05836068093776703,0.31792548298835754,0.4182361662387848,-0.015504325740039349,0.3479858338832855,0.32388633489608765,-0.03523669391870499,0.36345982551574707,0.26856377720832825,-0.046376172453165054,0.37180107831954956,0.22017565369606018,-0.05250408872961998,0.27890267968177795,0.41340959072113037,-0.019044341519474983,0.2692476212978363,0.2903529405593872,-0.04590111970901489,0.2649882435798645,0.21920111775398254,-0.060620374977588654,0.25647252798080444,0.16229096055030823,-0.06574666500091553,0.24139247834682465,0.43858781456947327,-0.0260701235383749,0.25559723377227783,0.38172245025634766,-0.06958461552858353,0.2780308425426483,0.44499602913856506,-0.07453334331512451,0.28370192646980286,0.4934149980545044,-0.06319241970777512,0.20994067192077637,0.47699588537216187,-0.03466005623340607,0.233609139919281,0.43771684169769287,-0.0684598758816719,0.25701481103897095,0.47902920842170715,-0.06661902368068695,0.2644661068916321,0.5177579522132874,-0.055403079837560654,0.07299488291573435,0.15390230502291616,0.22125330184527736,0.27096019019300777,0.24369712495594256,0.3439961650441462,0.4023110553693789,0.45151894625717004,0.24117129297537065,0.3652650175249729,0.43752354096744656,0.49442832215002097,0.21556002586659936,0.2794132671324223,0.22184618533886094,0.17392838953105544,0.18356576610831637,0.2259879343656829,0.1857134887412087,0.1460507116850913,C
0.2517161965370178,0.6516591310501099,5.522178980754688e-07,0.3024926781654358,0.6078948974609375,-0.0290285125374794,0.3286033868789673,0.5245898365974426,-0.04093291237950325,0.31977781653404236,0.4485974907875061,-0.05340201407670975,0.2965061366558075,0.39281439781188965,-0.06321141123771667,0.3181280493736267,0.41826045513153076,-0.01723300851881504,0.3482624590396881,0.32488176226615906,-0.03762777894735336,0.3638136386871338,0.26987212896347046,-0.049282681196928024,0.37233564257621765,0.2211671620607376,-0.05583938583731651,0.2784537672996521,0.41329026222229004,-0.02037063054740429,0.26942065358161926,0.2905520796775818,-0.04796291142702103,0.26498857140541077,0.21988162398338318,-0.06300938129425049,0.2562064528465271,0.1627330780029297,-0.06836641579866409,0.2408219873905182,0.4384002387523651,-0.026997068896889687,0.25495445728302,0.38053345680236816,-0.07113273441791534,0.2771669924259186,0.445284903049469,-0.07559535652399063,0.28274455666542053,0.49430185556411743,-0.06385841965675354,0.20893970131874084,0.47666043043136597,-0.035296209156513214,0.23355865478515625,0.4375009834766388,-0.06975900381803513,0.25740426778793335,0.47991591691970825,-0.0676952376961708,0.26493367552757263,0.5186839699745178,-0.05622229352593422,0.0730496121056136,0.15405776239879806,0.22072210571125053,0.27018972405501307,0.24327447817928474,0.34281266146231903,0.4009438721251672,0.45054465351301226,0.2407272323685017,0.36470843724134383,0.43655265806613724,0.4937032408905139,0.2152368706398753,0.280320463107074,0.22125281108440398,0.17263267236974555,0.18357623790929523,0.22596416563893867,0.18469110895353413,0.14497621735126132,C
0.25096237659454346,0.6475392580032349,5.496711992236669e-07,0.30104756355285645,0.6032800078392029,-0.02711891196668148,0.32813259959220886,0.5189594030380249,-0.038507718592882156,0.318697065114975,0.4461442530155182,-0.050831083208322525,0.29355454444885254,0.39422422647476196,-0.0606391578912735,0.3167375922203064,0.41547808051109314,-0.016423972323536873,0.34633195400238037,0.3204707205295563,-0.03672662004828453,0.36125046014785767,0.2646397054195404,-0.04828823730349541,0.36882901191711426,0.21517927944660187,-0.05473332479596138,0.27698302268981934,0.4117816984653473,-0.020708022639155388,0.2666289210319519,0.28669485449790955,-0.0481271855533123,0.26291292905807495,0.21611490845680237,-0.06278892606496811,0.25406771898269653,0.15823134779930115,-0.06780983507633209,0.23931163549423218,0.43718332052230835,-0.028256703168153763,0.25276893377304077,0.3762573301792145,-0.0722314789891243,0.2767806947231293,0.4427713453769684,-0.07552199810743332,0.28217026591300964,0.49244436621665955,-0.0628829151391983,0.20737764239311218,0.47585350275039673,-0.03731181472539902,0.23254750669002533,0.43324875831604004,-0.07100387662649155,0.2561226189136505,0.4773322343826294,-0.06718645989894867,0.2611214816570282,0.5170379281044006,-0.054485809057950974,0.07213093911256122,0.15482541504895858,0.2184760649685928,0.26393137762316754,0.24176131620342095,0.34266320125704225,0.4013817829575025,0.451468151472441,0.23809146534390807,0.3643767323163816,0.43613335500620537,0.49399405099565397,0.21256489018578084,0.28073940581461304,0.21977292557383632,0.17024302617306722,0.18101889445306912,0.22649758109889864,0.18306051798669312,0.14178352446104803,C
0.2504630386829376,0.6497902870178223,5.507553169081802e-07,0.30090343952178955,0.6054884791374207,-0.028040194883942604,0.32676202058792114,0.5206819176673889,-0.039048392325639725,0.3179444670677185,0.4448637068271637,-0.05081220343708992,0.29354771971702576,0.39032086730003357,-0.05989952012896538,0.3144965171813965,0.41460341215133667,-0.015066343359649181,0.34435248374938965,0.31953558325767517,-0.03460389003157616,0.3598916530609131,0.26423412561416626,-0.04570073261857033,0.3683461546897888,0.21525301039218903,-0.05195434018969536,0.275619238615036,0.41044044494628906,-0.0186899546533823,0.2657269537448883,0.2860691547393799,-0.0455561988055706,0.26206889748573303,0.21494562923908234,-0.06034083664417267,0.25375741720199585,0.15785440802574158,-0.06554378569126129,0.2386225163936615,0.4362403154373169,-0.02581559494137764,0.2527924180030823,0.37635600566864014,-0.06966271251440048,0.27611374855041504,0.4418705701828003,-0.07380763441324234,0.2818416357040405,0.4914880096912384,-0.061783213168382645,0.20762783288955688,0.47520118951797485,-0.03452455624938011,0.2325766235589981,0.43387115001678467,-0.06865052878856659,0.2554672062397003,0.477321982383728,-0.06608223170042038,0.260946124792099,0.516700267791748,-0.05428536236286163,0.07275415887948757,0.15496878921836071,0.22165419561584365,0.2697567200283195,0.24421335708013217,0.3450809536511142,0.4033816834500868,0.4532310498077277,0.241392867100758,0.36688072530385685,0.43916472466553497,0.496294088227696,0.21543041036202493,0.28217849399687917,0.2221175719373358,0.1728046898737846,0.18305242646536615,0.22727509386600053,0.1847627991057377,0.14411734342209936,C
0.2502819001674652,0.6496094465255737,5.55673977942206e-07,0.30071812868118286,0.6038207411766052,-0.027964994311332703,0.3263401687145233,0.5201659202575684,-0.03978155925869942,0.31849801540374756,0.443921834230423,-0.052497100085020065,0.29462090134620667,0.3894180357456207,-0.0626097247004509,0.31466618180274963,0.4146418571472168,-0.016575148329138756,0.3446604907512665,0.32011494040489197,-0.03754036873579025,0.36051201820373535,0.2648842930793762,-0.04950394481420517,0.36935073137283325,0.21576328575611115,-0.056252337992191315,0.2757016122341156,0.4102223813533783,-0.02053314819931984,0.26666635274887085,0.2870906591415405,-0.04923286288976669,0.2626628577709198,0.21617214381694794,-0.06509960442781448,0.2541501224040985,0.15837615728378296,-0.07102029025554657,0.2385828047990799,0.43603745102882385,-0.02784338966012001,0.25268280506134033,0.3784865438938141,-0.07249505072832108,0.27607545256614685,0.4433225393295288,-0.07657355815172195,0.28239843249320984,0.4924987554550171,-0.06446529924869537,0.20712721347808838,0.4753263592720032,-0.03677500784397125,0.23075760900974274,0.43394508957862854,-0.07099300622940063,0.2552494704723358,0.4760686457157135,-0.06815805286169052,0.26285356283187866,0.5151028037071228,-0.056146156042814255,0.07363756290239046,0.1553161401000841,0.2229727249907492,0.2712665929998666,0.24419225569859238,0.34479453146741856,0.4032552766983648,0.4533919560654249,0.2416070398975672,0.366213395435305,0.4384737327774452,0.49635578787712964,0.21569689702142347,0.2806581650752693,0.22154726433437275,0.1728325413462686,0.18327401222747505,0.22788681101432737,0.18651188224341073,0.14629605907558382,C
0.24995507299900055,0.6494885683059692,5.591506351265707e-07,0.3006660044193268,0.6045928597450256,-0.028551682829856873,0.3266071081161499,0.5214908719062805,-0.040529049932956696,0.3184325695037842,0.4453746974468231,-0.05328402295708656,0.2949548065662384,0.3904182016849518,-0.06335772573947906,0.3148406147956848,0.4143010973930359,-0.016790810972452164,0.34501904249191284,0.32020795345306396,-0.03752845898270607,0.3606164753437042,0.26476240158081055,-0.049385055899620056,0.36909323930740356,0.21540690958499908,-0.05613245442509651,0.27574828267097473,0.40973973274230957,-0.020484166219830513,0.26702097058296204,0.28728529810905457,-0.049108926206827164,0.2628851532936096,0.21600645780563354,-0.06491611152887344,0.2541967034339905,0.1580008864402771,-0.07077141106128693,0.2385917752981186,0.43541955947875977,-0.0275992751121521,0.2531067430973053,0.37852364778518677,-0.07227256894111633,0.27593469619750977,0.4439697265625,-0.07635356485843658,0.28199413418769836,0.49329206347465515,-0.06421618908643723,0.20712825655937195,0.47443869709968567,-0.03641108423471451,0.23111051321029663,0.4337303340435028,-0.07087934017181396,0.25541990995407104,0.4760127365589142,-0.06834811717271805,0.2632180452346802,0.5148258209228516,-0.0565183088183403,0.07350138593808137,0.15460140356315125,0.22179018575009438,0.27047495844622593,0.2445510787530524,0.34477718720314043,0.40335977526994804,0.45362066126045314,0.24200086320675912,0.3659155576820426,0.4385066718219485,0.4965750745075069,0.216139806436103,0.2804555690682737,0.22077791417237905,0.17189427075244648,0.18385429391154284,0.22788306916848364,0.18653490343212598,0.14664359652500428,C
0.25126227736473083,0.6474642753601074,5.697568781215523e-07,0.3012622594833374,0.6041275262832642,-0.029280124232172966,0.3276479244232178,0.5201742053031921,-0.04131573066115379,0.3179110586643219,0.44477230310440063,-0.05403073877096176,0.2951117157936096,0.38883641362190247,-0.06406909972429276,0.31516265869140625,0.4150310754776001,-0.017122577875852585,0.34513789415359497,0.3200783133506775,-0.03816772997379303,0.36030417680740356,0.26383304595947266,-0.050044186413288116,0.36845529079437256,0.21385329961776733,-0.05655462294816971,0.27552109956741333,0.410962849855423,-0.02052142284810543,0.266865611076355,0.2861481308937073,-0.048889197409152985,0.26320675015449524,0.21485835313796997,-0.06405236572027206,0.25503116846084595,0.15671506524085999,-0.06920531392097473,0.23811477422714233,0.4359917640686035,-0.02752898633480072,0.25396186113357544,0.3775137662887573,-0.0729161947965622,0.2767564654350281,0.44408538937568665,-0.07700169831514359,0.28216442465782166,0.4939674437046051,-0.06444963067770004,0.20650248229503632,0.4738973081111908,-0.036212384700775146,0.23249521851539612,0.43350401520729065,-0.07116875052452087,0.2563980519771576,0.47734421491622925,-0.06840091943740845,0.2631205916404724,0.517078697681427,-0.056174810975790024,0.07235627873854973,0.15409271784179548,0.220103334747249,0.2700297514445965,0.241664340203863,0.3427112759345101,0.4019546412540099,0.45271533053658514,0.23862641702227388,0.36494250178422566,0.43748523736822414,0.49561925518324257,0.21366178022588186,0.27963801539373706,0.2189572428075016,0.16932232094930308,0.18286691730660198,0.22626592225041706,0.18342839166905028,0.14246645880531209,C
0.24960878491401672,0.6472436189651489,5.721731781704875e-07,0.2999884784221649,0.6041061878204346,-0.02921234257519245,0.3263114094734192,0.5217909216880798,-0.04137198626995087,0.3179098665714264,0.44637995958328247,-0.05420564115047455,0.2955968379974365,0.3902808725833893,-0.06425870954990387,0.3151506185531616,0.4133169949054718,-0.017077824100852013,0.3444198966026306,0.3191562592983246,-0.038270700722932816,0.3594527542591095,0.2637702226638794,-0.050440218299627304,0.36786317825317383,0.21439744532108307,-0.05727337673306465,0.2754161059856415,0.40882018208503723,-0.0206406619399786,0.26668381690979004,0.2851400077342987,-0.04935527592897415,0.2628577947616577,0.2137780338525772,-0.06517872959375381,0.2552194893360138,0.15548115968704224,-0.07092293351888657,0.23789356648921967,0.4342173933982849,-0.027780801057815552,0.2537138760089874,0.37711101770401,-0.07316984236240387,0.2759332060813904,0.4427110254764557,-0.07795097678899765,0.2817135155200958,0.49204403162002563,-0.06609991937875748,0.2062775194644928,0.47275659441947937,-0.03663359954953194,0.2321716845035553,0.43563780188560486,-0.07218896597623825,0.25609850883483887,0.47880488634109497,-0.07058947533369064,0.2636561691761017,0.5174394845962524,-0.05922559276223183,0.07247306997661608,0.15275261195973938,0.21897388195567058,0.2688382587021914,0.24353453352662668,0.34364975309443707,0.40207190478300975,0.45234966210403627,0.24070274950721415,0.36585049094672834,0.43853881369583675,0.4968822194635414,0.21514930587990497,0.27989709466215684,0.22046088300333647,0.17171750237757646,0.18348128743298922,0.22425967919100398,0.18274757993360138,0.1433672937486845,C
0.2498888373374939,0.648617684841156,5.667591835845087e-07,0.3000601828098297,0.6050218343734741,-0.028144776821136475,0.3262929618358612,0.5201667547225952,-0.03946007043123245,0.31841638684272766,0.4440424144268036,-0.051715146750211716,0.29547446966171265,0.38881996273994446,-0.061293404549360275,0.3143569231033325,0.413967490196228,-0.016239142045378685,0.3432810306549072,0.3182458281517029,-0.0373179130256176,0.35809895396232605,0.26187342405319214,-0.0492062084376812,0.36608487367630005,0.21182966232299805,-0.05581655353307724,0.27461355924606323,0.40941160917282104,-0.020273033529520035,0.2663405239582062,0.2857155203819275,-0.049165885895490646,0.26279160380363464,0.21366336941719055,-0.06502233445644379,0.2550649344921112,0.15478968620300293,-0.07069426029920578,0.2369217425584793,0.43430888652801514,-0.027817467227578163,0.25319191813468933,0.37785065174102783,-0.07328275591135025,0.27551254630088806,0.4434860646724701,-0.07816965878009796,0.28127825260162354,0.4927292764186859,-0.06634721904993057,0.20539885759353638,0.4725463092327118,-0.03701202943921089,0.2314886599779129,0.4366993010044098,-0.07230409979820251,0.25531548261642456,0.47975027561187744,-0.07078651338815689,0.2631157338619232,0.5181682109832764,-0.0595548078417778,0.07217979253059137,0.1545780501111301,0.22185937286958046,0.27079486184591794,0.2438863999309332,0.34534089592534833,0.4046008642077562,0.45541283073041844,0.2413335396888866,0.36658693243009,0.4399769489085848,0.4988894093820126,0.21649538008077462,0.2805283264453561,0.22101162913958375,0.17230356918208894,0.18533866267892676,0.2246684952119841,0.1831842271992269,0.14400992557919895,C
